{"pinhole_1": {"R": [[1.0, 0, 0], [0, 1, 0], [0, 0, 1]], "T": [[1.0], [0.0], [0.0]], "K": [[200.0, 0, 200], [0, 200, 200], [0, 0, 1]], "image_size": [400, 200], "distortion": []}, "pinhole_2": {"R": [[0.95, 0.3122499, 0], [-0.3122499, 0.95, 0], [0, 0, 1]], "T": [[0.75], [-0.25], [-0.1]], "K": [[200.0, 0, 200], [0, 200, 200], [0, 0, 1]], "image_size": [400, 200], "distortion": []}, "fisheye_1": {"R": [[1.0, 0, 0], [0, 1, 0], [0, 0, 1]], "T": [[1.0], [0.0], [0.0]], "K": [[200.0, 0, 150], [0, 200, 200], [0, 0, 1]], "image_size": [400, 300], "distortion": [0.2, -0.05, -0.01, 0.005]}, "fisheye_2": {"R": [[0.95, 0.3122499, 0], [-0.3122499, 0.95, 0], [0, 0, 1]], "T": [[0.75], [-0.25], [-0.1]], "K": [[200.0, 0, 150], [0, 200, 200], [0, 0, 1]], "image_size": [400, 300], "distortion": [0.2, -0.05, -0.01, 0.005]}}